ID,Title,Description,Need Driver,Data Type,Segment,Objective,Target Measurement Parameters,Current State of Data,Impact if Data is Unavailable,Benefits if Data is available
DN-001 L,"Sustained, site-specific sub-meter scale imaging of lunar south pole exploration zones and sites","Produce optical maps or a set of optical images of the lunar south pole region that can be used to identify surface features, obstacles, and hazards across all Artemis landing regions. These maps and images should be capable of supporting landing site/ellipse design, element placement, and surface traverse planning. Multiple images of the same site should be captured at varying lighting conditions and be higher resolution than currently available. ",Lunar Exploration Surface Site Characterization,Orbit-to-Surface Imagery,HLR,"LPS-01 LM
SE-05 LM
LI-03 L","Ensure sustained availability of high spatial resolution ( <0.5 m/pixel preferred) optical imaging of lunar south pole exploration regions. Additionally, the system should have sufficiently high temporal resolution to collect imagery under varying lighting conditions  enabling hazard avoidance, precision landing, and traverse planning. Images should be taken in at least 1-week intervals (every 48 hours preferred) over the course of an entire year.","No additional orbital imagery is necessary to land and conduct a nominal Artemis surface mission. Data collected by the Lunar Reconnaissance Orbiter (LRO) Lunar Reconnaissance Orbiter Camera (LROC) Narrow Angle Camera (NAC) over the last 15 years is the primary data set being used to plan missions in the HLR and initial FE segment. The highest resolution panchromatic imagery of Artemis landing  regions from LROC NAC is ~.5 m/pixel. NASA has the ShadowCam instrument on board the Korean Pathfinder Lunar Orbiter (KPLO) which is designed to collect high resolution images of Permanently Shadow Regions (PSRs) poles, as high as 1.7 m/pixel. However, this is only in low light locations and thus would not provide optimal imagery of a lander or surface operations in illuminated lunar regions. Additionally, JAXA Kaguya orbiter has scanned the lunar surface ~8-10m/pixel.  Currently in orbit, is the Indian Space Research Organization's (ISRO) Chandrayaan-2 Orbiter High Resolution Camera (OHRC) which images the lunar surface at ~.3 m/pixel at select areas of the lunar south pole region. ","Additional orbital imagery is not required to land and conduct a nominal surface mission at the lunar south pole. High resolution data collected by LROC NAC over the last 15 years is the primary data set being used to plan missions in the HLR and initial FE segment. However, additional optical imagery is desirable to inform surface element design, such as power systems, energy storage and user operating power especially for winter hibernation.  Lack of continued high-resolution data could lead to Element loss due to power failure in winter, unsafe landings, or mission-ending mobility hazards. Overcompensating for uncertainty adds prohibitive mass, while underestimating risks threatens survival and operational success.","Enables longer planning safer landings, optimized surface operations, and more accurate traverse planning. Improves situational awareness and hazard avoidance, increasing confidence in mission success."
DN-002 L,"Comprehensive, high-fidelity digital elevation map (DEM) coverage of lunar south pole exploration zones and sites","Provide complete, higher resolution ( <1m/pixel, <0.1 vertical error) DEM coverage of lunar south pole regions (84°S-90°S), with sufficient spatial and temporal resolution  to support hazard avoidance, illumination modeling, landing ellipse definition, and traverse planning.",Lunar Exploration Surface Site Characterization,Remote Sensing,HLR,"SE-05 LM
LI-03 L
TH-03 L",The topographic products should be gridded at < 1m/pixel with less than 0.1 m height error.,"Lunar topographic data comes predominantly from LRO’s Lunar Orbiter Laser Altimeter (LOLA).  LOLA DEMs have been generated at multiple resolutions and have been used in the development of  Terrain Referenced Navigation (TRN) algorithms. LOLA-derived DEMs are limited to some extent by the frequency of individual altimeter measurements, which when gridded require interpolation, and contain a level of uncertainty.  For mission planning purposes at select locations, higher resolution LOLA DEMs are supplemented by other topographic products such as Stereo and Shape from Shading models which range from ~1 – 2 m/pixel in spatial resolution.  Such image-based topographic products generally have denser coverage than the LOLA products. However, such products may contain interpolation in shadowed areas when there isn’t a corresponding altimeter observation. As LRO’s orbit altitude continues to increase and its inclination decreases, additional NAC imagery of polar sites will be increasingly difficult. Topographic products from KPLO ShadowCam images are expected to be released publicly in the near-future and will provide independent topographic data in permanently shadowed regions.","Additional elevation map coverage is not required to land and conduct a nominal surface mission at the lunar south pole. High resolution data collected by LRO over the last 15 years is the primary data set being used to plan missions in the HLR and initial FE segment. However, additional elevation map coverage is desirable to inform surface element design, such as power systems, energy storage and user operating power especially for winter hibernation.  Lack of accurate data could lead to Element loss due to power failure in winter, unsafe landings, or mission-ending mobility hazards. Overcompensating for uncertainty adds prohibitive mass, while underestimating risks threatens survival and operational success. While south pole new crater impacts are not a concern, continued altimeter measurements to guarantee no changes that could impact safe landing and traverse planning.  The concern increases as go equatorial.","With the desired DEM resolutions, Artemis missions will gain significant situational awareness, reduce risk by enabling navigation and hazard avoidance with respect to known DEMs, can plan more optimal landing and EVA scenarios, and increase confidence in ability to meet mission objectives. A prior acquisition of high resolution, low height error surface elevation data enables the ability to predict the illumination over challenging winter periods of the year which will put the Element energy storage to its limit. Underestimating the energy storage required duration could result in Element loss. "
DN-003 L,"High-resolution, time-resolved thermal mapping of lunar south pole exploration regions and sites",Capture multispectral thermal imagery to determine surface temperature profiles of lunar south pole areas of interest. Areas should be imaged multiple times to track how surface temperature changes with time and illumination conditions. Resolution should be improved compared to currently available data. High resolution thermal maps are needed over all Artemis regions for design of element thermal control systems and power systems (including power cables). ,Lunar Exploration Surface Site Characterization,Remote Sensing,HLR,"SE-05 LM
AS-01 LM
TH-03 L","Acquire higher resolution (<50m, <30m preferred) thermal imaging of lunar south pole exploration regions to resolve PSR temperatures, diurnal/seasonal cycles, and surface heat fluxes at the scale needed for element thermal design and traverse planning.","Currently available thermal imagery is sourced from the LRO Diviner Lunar Radiometer Experiment. Diviner data has been used to create a variety of temperature maps including maximum temperature anomaly (global), minimum temperature anomaly (global), south polar thermal maps, and north polar thermal maps. Cylindrical maps are provided at resolutions of 128, 64, 16, 4, and 1 pixel/degree (PPD) and polar stereographic maps are provided at a single resolution of 126.347 PPD (map scale of 240 m/pixel). Data is constrained to brightness temperature values between 10 to 450 K (anything outside that range is considered ""bad"" data). LRO has the state of the art of data in terms of thermal maps.  This data is limited due to 240m/pixel and a coarse temporal frequency of 2 hour for some locations to 2 weeks.",Present model surface and temporal resolution could be enhanced to mitigate risks to long term emplacements required to survive yearly thermal cycles.,"A prior acquisition of higher-resolution thermal maps (surface heat fluxes and temperatures) and the ability to predict the required thermal design requirements over the entire year’s summer and winter cycles.  Such information will permit proper thermal and power system design to assure continuity of services. Such data can be used in selection of hibernation sites, lander sites/ellipses and mobility traverses."
DN-004 L,Collection of imagery over lunar surface exploration sites to monitor impacts of human exploration,Capture optical imagery of Artemis missions in progress on the surface of the lunar south pole. This imagery should be capable of monitoring surface elements and mission activities. Image resolution should be sufficient to determine the status of landed elements and observe how human activities alter the natural lunar surface environment.,Lunar Exploration Surface Site Characterization,Orbit-to-Surface Monitoring,HLR,"SE-05 LM
TH-03 L","Capability to quickly capture, produce, and provide optical images of specific locations on the lunar surface with a resolution of <1 m/pixel (<0.5 m/pixel preferred) sufficient to determine the status of surface elements and characterize the disruption to the natural environment caused by landers and surface traverses.","No existing available data as the missions are not in operation yet. However, LRO may be able to capture optical imagery of the Artemis missions with sufficient resolution to monitor large scale surface elements and mission activities at a regular cadence. While NASA has past orbital assets that have collected imagery of the lunar surface (e.g., Clementine, Lunar Orbiters 1-5), the resolution of those images is far less than that of LRO (~30 m/pixel for Clementine and ~60 m/pixel for Lunar Orbiter). Currently, NASA has the ShadowCam instrument on the Korean Pathfinder Lunar Orbiter (KPLO) which can take high resolution images of the poles, as high as 1.7 m/pixel; however, this is only in low light location and thus would not provide optimal imagery of a lander or surface operations in illuminated lunar regions.","Imagery is required to demonstrate a successful landing. Without timely imagery of <1 m/pixel resolution, there may be difficulty locating a lost asset or determining a cause of failure. Potential inability to image the active landing site in a contingency scenario. Lack of timely orbital imagery of Artemis missions may have national posture implications.","Increased understanding and situational awareness of in-mission risk and status of elements for subsequent operations. Increased understanding of anthropogenic impacts/disruptions on lunar environments, allowing for informed considerations on site preservation. Orbital imagery during the mission provides additional situational awareness and enables contingency capability in off-nominal scenarios. Timely and repeated orbital imagery enables contingency analysis, locating lost or non-communicating assets and determination of position and orientation, evidence of soft landing, and the capability to evaluate how exploration activities alter the lunar surface."
DN-005 L,Optical images from the lunar surface at the lunar south pole,"Take a series of panoramic images from the surface of the lunar south pole at potential Artemis landing regions to determine real lighting conditions. Images should be coupled with accurate positional data in order to compare with expected illumination conditions based on orbital data and enable in situ surface feature information for traverse planning, hazard identification and illumination impact predictions.",Lunar Exploration Surface Site Characterization,Surface-to-Surface Imagery,HLR,SE-05 LM,"Take a number of images sufficient to ascertain surface lighting conditions/levels at different locations and times at the lunar south pole. High-resolution images should cover 360 degrees and overlap to enable 3D object information to be obtained.  Need at all relevant locations, possibly many for mobility assets.","Multiple CLPS providers have taken images from the surface. NASA’s Lunar Reconnaissance Orbiter has collected, to date, over 70000 meter-scale images of the South Pole of Earth’s Moon that can be used to validate illumination models at the meter scale for specific illumination conditions.
Any previously modeled panoramic or framing camera which can be slewed on the surface can achieve these objectives at specific sites on the lunar surface. However, panoramic images from the surface have not been acquired at a potential Artemis mission location.","Increased uncertainty in detailed illumination conditions at particular locations at South Pole can lead to inaccurate expectations for solar-based power systems and potentially lead to insufficient power for surface systems. In addition, uncertainties in illumination profile can cause difficulties in traversing and a lack of situational awareness for astronauts on EVA reliant on vision and observable landmarks.",Increased confidence in selection of site to allow for sufficient power generation. Increased confidence in expected illumination profile during surface EVAs. Help in real time traverse planning and hazard avoidance. Allow science experts to identify targets for traverse planning. Additional advantage to incapacitated crew rescue traverse planning and landmark identification.
DN-006 L,Orbital observations of water ice deposits in the south polar region,Measure the horizontal distribution and abundance of water ice at a regional scale at the lunar south pole. Spatial resolution should be sufficient to resolve permanently shadowed craters.,Lunar Resource Exploration,Remote Sensing,FE,"AS-03 LM
LI-07 L
OP-03 LM","Water spatial resolution of <10 km (<5 km preferred) to a depth of 1 m, coverage <15° from poles, sensitivity at least 1 wt%.","There are four existing orbital data sets that indicate the presence of shallow bulk water on the lunar surface: LCROSS, Chandrayaan-1, LRO, and Lunar Prospector. There are more data sets for surface frost detection; however, while surface frost may be a geologic indicator of deeper water, there is currently no strong correlation between the two types of data sets. Water equivalent hydrogen (WEH), inferred from neutron spectroscopy, cannot give accurate concentration or depth distribution data. Neutron flux indicates there is hydrogen somewhere between the surface layer down to about 80 cm to 100 cm. Resolutions from current data sets are insufficient to characterize bulk water ice concentrations for the purpose of resource utilization.",Knowledge of water distribution and abundance will be constrained to limited existing data sets which do not sufficiently identify potential water ice reserve sites for potential utilization. ,Orbital measurements typically have larger coverage area than expected mobility ranges of landed missions and can be used with ground measurements to create a predictive model to locate potential water reserve sites.
DN-007 L,"In situ measurements of the horizontal and vertical distribution, abundance, and physical makeup of shallow bulk water ice","Measure the vertical and horizontal distribution and abundance of shallow bulk water as a function of depth in shadowed regions of the lunar south pole. Identify the physical makeup of the shallow water ice (i.e., granular vs. consolidated sheets). A series of direct, ground-based measurements should be taken at several different locations to support resource exploration on the lunar surface. This data gained over a limited area should be matched with orbital data to identify water-favorable sites at regional scales.",Lunar Resource Exploration,In Situ Measurement,FE,"AS-03 LM
LI-07 L
OP-03 LM","Water ice abundance with vertical resolution <20 cm depth intervals to 1 m depth, at least 50 m horizontal resolution (distance between sample sites), with a 1 wt% water ice abundance detection limit.",There are no ground truth measurements that characterize shallow bulk water ice on the lunar surface.,"Knowledge of water ice distribution and abundance is a critical input for ISRU system design, architecture analysis, and identification of potential water reserve sites. Without data, NASA will be unable to understand the abundance and accessibility of bulk water ice at the south pole. Therefore, Artemis missions will be unable to take advantage of in-situ water during lunar surface missions which increases uncertainty of water collection and extraction methods. ","With direct, ground-based data covering a sufficient area and matched to orbital measurements, a predictive 'water favorability' model can be developed, generating a map of potential water concentrations and distributions at other locations. This is critical to the selection of favorable ISRU surface sites which can inform both ISRU systems and surface exploration activities."
DN-008 L,Geotechnical properties of highland regolith at the lunar south pole,"Characterize lunar regolith physical and mechanical properties as a function of depth (min depth extent: 1 meter), area, and terrain slope/features, to understand South Pole properties and their variability. These measurements should be taken over multiple locations at the lunar south pole at locations representative of landing and exploration sites.",Lunar Surface Natural Environment Characterization,In Situ Measurement/Sample Return,HLR,"AS-01 LM
LI-07 L
LI-08 L
TH-03 L
OP-05 LM","Particle size distribution (<10μm), particle morphology and density, other geotechnical properties including but not limited to porosity, permeability, bulk density, bearing capacity, cohesion. ""Fine fraction""  of particle size distribution (particles < ~50 microns), variation with depth up to ~3 m.","Geotechnical property values in M2M Design Specification for Natural Environments (DSNE) rely on historical archive of Apollo results and estimates from analyses of orbital imagery or modelling. Variance in these values spatially, with terrain type, and with depth is not well constrained.","Limitations in in-situ regolith sampling and characterization increase uncertainty to, analyses for interactions between footpads and regolith, rocket engine blast effects (erosion and ejection of material), etc. Limited datasets of lunar samples result in uncertainty about the stability and behavior of the lunar surface. This is particularly true for the South Pole, as no samples from this region have been returned and properties may differ from previous equatorial mission sites (i.e., particle size, porosity). Insufficient characterization of regolith geotechnical properties can potentially lead to instability of spacecraft on the lunar surface and lack of soil integrity.","Increased confidence/decreased uncertainty in landing, plume-surface interaction, and trafficability analyses, which may increase flexibility/allow more areas and terrain to be considered for mission operations. For example, better constraints on slope stability could arise from regolith strength measurements. Data can be used to predict structural behavior of lunar vehicles and structures as the architecture evolves. The geotechnical stability of landing vehicles can be better estimated/calculated, which will inform assessments regarding the structural integrity and capacity of lunar regolith when vehicles have landed on the lunar surface."
DN-009 L,Electrostatic properties of highland regolith at the lunar south pole,"Measure the state of the electrostatic charging level of granular materials. Electrostatic properties refer to the charge state of regolith at a given instance in time which is heavily dependent on the induced environment as well as the natural environment. Note that some electrostatic properties are intrinsic to the materials while others are not. Any disturbance of the regolith greatly affects the charge state. There are several types of electrostatics properties of interest including chargeability, volume and surface resistivity, and charge decay.",Lunar Surface Natural Environment Characterization,In Situ Measurement,HLR,"AS-01 LM
LI-07 L
LI-08 L
TH-03 L
OP-05 LM","Measure several electrostatic properties of regolith such as chargeability, volume and surface resistivity, charge decay.",Regolith electrical property values in M2M Design Specification for Natural Environments (DSNE) rely on limited Apollo data and estimates from analyses of orbital imagery or modelling. Variance in these values spatially and with terrain type is not well constrained.,Limitations in understanding of electrostatic properties can negatively impact effective design and employment of dust mitigation strategies and capabilities. Electrostatics is one of the primary mechanisms in which lunar dust adheres to surfaces. Without a detailed understanding of such properties and how external systems and factors may induce charge; dust can become a significant risk to surface elements and crew.,Increased confidence in development and performance of dust mitigation capabilities and better understanding of expected impacts on surface operations. Can help better plan mission operations that avoid accumulation of dust. Provide better understanding of potential near-surface natural dust transport/lofting.
DN-010 L,South polar lunar regolith elemental and mineral composition,"Characterize site-specific and depth-resolved mineralogical and elemental composition of lunar south pole regolith and rocks to support ISRU, geotechnical assessment and contamination mitigation. A series of in situ measurements across the exploration area should be taken to support lunar environment characterization and resource exploration. ",Lunar Surface Natural Environment Characterization,In Situ Measurement/Sample Return,HLR,"LPS-01 LM
LI-07 L
LI-08 L","Elemental and mineral composition of bulk rocks and mineral grains where possible, as well as relative abundances of regolith constituent components (to resolution of 0.1 wt%) over various locations and with depth. ","Apollo-era returned samples and lunar meteorites are the primary in-situ data set (predominantly mare terrain and equatorial), with orbital spectral data (e.g., Clementine, LRO, Lunar Prospector, Kaguya, Chandrayaan-1) at a km-scale resolution.","Limited in situ mineralogical composition data exists for the lunar south pole. While mineralogy is not expected to greatly vary from orbital observations and in situ Apollo samples, variation may exist that could increase uncertainty in the landing site environment. Aspects tied to mineral hardness/density could impact terrain stability, composition could impact contamination/science integrity, and metal content may impact electrostatic interactions. Further, without mineralogical surveying, effective ISRU for critical minerals/metals would be limited. Inability to accurately anticipate or predict chemical reactions between elements or compounds in the lunar regolith and surfaces or environments.",A better understanding of the typical lunar surface composition at the south pole would enable tighter constraints on regolith properties and critical mineral abundances. Having a standardized dataset of regolith composition could also help minimize the effect of contamination on science sites. Will inform material selection to prevent or mitigate chemical reactivity effects between regolith and surface assets.
DN-011 L,In situ lunar surface plasma environment characterization,"Measure the plasma environment at the lunar south pole, including observations in the terminator region, permanently shadowed regions (PSRs), and in sunlit and shaded areas influenced by topography and spacecraft-induced wakes. Long-term measurements are needed to capture variations when the Moon is exposed to the solar wind, within Earth’s magnetotail, and during dynamic space weather conditions. These observations should also include measurements of electric potential on both the spacecraft and the lunar surface.",Lunar Surface Natural Environment Characterization,In Situ Measurement,HLR,"HS-03 LM
AS-01 LM
TH-03 L","Measure plasma electron and ion density and energy (0-30keV), secondary populations (secondary electron emission and photoemission), and spacecraft and lunar surface electric potential. Provide data in a format that allows comparison with other orbit-based plasma measurements and future measurements.","Current estimates of the lunar plasma environment are from orbital satellite data, modeling, and limited in-situ surface measurements with temporal and spatial limitations.",Data used to validate the environment definitions in the M2M Design Specification for Natural Environments (DSNE). Plasma environment definitions are used to assess the risk of electrostatic discharge resulting from interactions between the plasma environment and surfaces. These data also support modeling of the dust environment and triboelectric charging analyses.,"Validated lunar surface plasma environments ensure accurate inputs to spacecraft charging assessments, which are critical for identifying and mitigating electrostatic discharge risk. Electrostatic discharges can interfere with communications, damage avionics, and introduce shock hazards to astronauts, making reliable environment definitions critical for mission safety and success. "
DN-012 L,In situ lunar surface radiation environment measurements and space weather monitoring,"Measure the radiation environment on the lunar surface at the south pole. Measurements should include flux and energy spectra of electrons, protons, and heavy-ions from solar particle events and galactic cosmic rays, and secondary or albedo neutrons generated by interactions of energetic particles with the lunar regolith. Neutron spectrum measurements inside a lunar lander or habitat or on the surface of the moon are needed to validate models used in the assessment crew radiation exposure. Long-term measurements are needed to capture variations when the Moon is exposed to the solar wind, within Earth’s magnetotail, and during dynamic space weather conditions.",Lunar Surface Natural Environment Characterization,In Situ Monitoring,HLR,"HS-01 LM
AS-01 LM
TH-03 L
LI-09 L","Measure neutron flux spectrum up to at least 100 MeV.  Measure charged particle (electron, proton, heavy- ion) flux and energy spectra at the same time. ","Current estimates of the lunar radiation environment are from orbital satellite data, modeling, and limited in-situ surface measurements with temporal and spatial limitations. A limited number of neutron flux measurements have been made on the Lunar surface or by devices in Lunar orbit, but the energy range for these measurements did not exceed 20 MeV.  Neutron flux spectrum measurements have also been made on ISS, during Mars transit, and on the surface of Mars, but the energy range for these measurements was also limited to neutrons below 20 MeV.  Models that have not been validated with space measurements for neutrons greater than 20 MeV are currently used to predict crew radiation exposure.  The energy region between 1 MeV – 1 GeV accounts for most of the neutron induced cancer risk, and validation of model calculations over just the low energy region provides little information on model accuracy at higher energies, because the physical processes producing higher energy particles differ from those producing lower energy particles. Note that while the LunaNet Interoperability Specifications (LNIS V.5) provides protocols for space weather monitoring/alert services, the sources of data to provide these alerts are not well-defined at present.","Data enables accurate characterization of the average and extreme radiation environments encountered by crew and surface systems. Neutrons produced in the Lunar regolith may contribute as much as ~30% of effective dose incurred by crew on surface missions, but models used to predict this environment have not been validated with surface measurements.","Long-term, in-situ radiation environment monitoring will improve the fidelity of radiation exposure assessments. Measurement data will be used to quantify the uncertainty in models that predict neutron environments, an important part of the crew exposure assessment and risk prediction process.  Additionally, extending the neutron spectral measurements over longer periods of time may also contribute to several Moon to Mars science objectives."
DN-013 L,"In situ measurements of the composition, distribution, and abundance of volatiles in the near-surface lunar south pole","Measure the distribution, abundance, and composition of other ices/volatiles that may exist at the lunar south pole both within and outside of permanently shadowed regions to better understand the population of gases that may become volatilized/released during Artemis activities. As concentrations are likely too low to be detected from orbit, a series of direct, ground-based measurements should be taken at several different locations. Data should be taken within and nearby PSRs as different species have variable stability temperatures.",Lunar Surface Natural Environment Characterization,In Situ Measurement,HLR,"LPS-03 LM
AS-01 LM
TH-03 L","Volatile abundance to at least 1 m depth, with a 0.1 wt% detection limit. Abundance at greater depth may have relevance to rocket landing effects.",No community agreement on concentrations of lunar volatiles at the lunar south pole just below the surface.,"While the Moon is typically thought of as ""dry,"" there is evidence that volatiles (in addition to water) exist in the lunar regolith, especially at the south pole. There have been no firm detections in situ; as such, the nature and distribution of these volatiles is unknown and could potentially pose a hazard to surface operations. The release of potentially corrosive or toxic gases could occur via heating when landing or sublimation during operations (EVA/rover). Further, the presence of these volatiles could impact regolith geotechnical properties like cohesion or stability when disturbed, which poses a threat to large landers.","The type, abundance, and distribution of volatiles within the near-surface environments of the lunar south pole would greatly improve our understanding of their impacts on terrain stability and contamination potential. "
DN-014 L,High resolution lunar rock size distribution and morphology at the lunar south pole,Constrain the size-frequency distribution and shape of lunar rocks/regolith that exist below the resolution of existing imagery (sub-meter scale) at the south pole to better understand the lunar surface environment as it pertains to lunar surface activities. Activities could include survey instruments/cameras of surrounding terrain to capture areal rock distributions as well as sampling instruments of the regolith.,Lunar Surface Natural Environment Characterization,In Situ Measurement,HLR,"SE-05 LM
LI-06 L
TH-03 L
OP-05 LM","Measurements of particle sizes and frequencies from length scales > 10 um to 1 m not via discrete bins or sieve sizes, but measurements capable of detecting all unique sizes, shapes, and aspect ratios in this range. Understand how these distributions change with depth/spatially.","Surface images from Surveyor, Apollo, Lunokhod, and Chang’e missions have been used to derive quantitative estimates of rock abundance on the surface of the Moon at multiple locations. Orbital instruments can unambiguously detect rocks of 1m or greater; depending on the height of the feature in question, submeter detection may be possible.","The population of sub-meter scale rocks poses a hazard to landers and rovers, especially during landing phases which require precise navigational inputs to prevent tip-over. Incomplete datasets about morphology and size of regolith/rocks poses a risk to understanding how and where to safely operate surface assets.",In-situ surveys of surface regolith/rocks would provide valuable data on the distribution and abundance of sub-meter scale rocks that would allow for refined size-frequency models. Improved models could impact landing site selection and traverse paths.
DN-015 L,Flux and size measurements of lunar meteoroid ejecta,Measure the mass and velocity range of particles ejected via impact processes from primary meteoroids on the lunar surface. Continuous measurements should be taken at the lunar south pole to evaluate the risk these particles pose to human exploration activities. ,Lunar Surface Natural Environment Characterization,In Situ Measurement,HLR,"AS-01 LM
LI-09 L
TH-03 L","Measure ejecta particle speed (from 0.1-4.8 km/s), mass (10-6 - 102 g), direction, and frequency.",An Apollo-era detector (LEAM) was flown to measure this for very small particles but did not conclusively detect impacts.,"Potential damage to landers, rovers, habitats, suits, etc. from unaccounted for ejecta fluxes. Primary meteoroids may directly damage surfaces assets, but the associated ejected material will be more abundant (though at lower velocities). ","While this data has been modelled, in-situ measurements will help constraint the actual ejecta environment to better assess the risk these projectiles pose to surface assets. The mass/speed distribution may also differ at the South Pole compared to the equator due to different impactor populations, so having datasets for the lunar south pole would be invaluable. "
DN-016 L,Lunar surface seismic activity characterization and monitoring,"Establish a baseline of seismic events in the polar region for design of structural elements, EVA operations, and lander systems.  While this includes continuous monitoring of moonquakes,  it also includes events such as incoming meteoroids and spent stages of rockets.  These types of event monitoring provide real time feedback to Artemis Elements to enable emergency and survival operations of Elements and crew.",Lunar Surface Natural Environment Characterization,In Situ Monitoring,HLR,"AS-01 LM
LI-09 L
TH-03 L",Measure magnitude and frequency of seismic events at multiple locations in the lunar south pole region.,"The Apollo Passive Seismic Network of 5 experiments set up across the lunar surface operated from 1969-1977 to gather seismic data.  Re-analysis of data has shown over 35,000 moonquakes.","Lack of this seismic data means risk due to seismic events must be accepted.  The south polar region has young, active thrust faults.  One of the strongest shallow moonquakes ever recorded by the Apollo network was a magnitude 5.5 moonquake in the south polar region. This is equivalent to moderate to strong ground shaking over 40 kilometers.",Acquisition of this data prior to Element design will help to create more resilient and robust designs to last long lifetimes. Real-time data can be used to enhance Element survivability and crew safety.
DN-017 L,In situ measurement of particle velocity during lunar plume surface interaction (PSI) phenomena,"Characterize the lunar regolith ejected by rocket exhaust plumes interacting with the lunar surface at different sites and under different plume conditions (i.e. lander types). During final descent and landing, material may be lofted toward the landing vehicle and/or ejected away. As material leaves the influence of the exhaust plume, and given the lack of a substantial lunar atmosphere, it will travel on a trajectory dictated by those initial conditions.",Lunar Surface Induced Environment Characterization,In Situ Measurement,HLR,"SE-07 LM
LI-05 L
TH-03 L","Regolith particle sizes, speeds, and angles of ejection caused by rocket exhaust interacting with the lunar regolith.","Modeling reports for preliminary site comparisons have been generated using regolith data gathered during Apollo coupled with engine performance data. Plume surface interaction is a complex phenomenon, and current estimates are insufficient to accurately predict the behavior of regolith and its effects on vehicle performance.
SCALPSS instrument suite successfully captured stereo imagery during Blue Ghost's final descent and soft landing. Similar imaging suites could be used to provide comparative data for different lander configurations and lunar terrain types.","Increased uncertainty in risk to landing vehicle and surrounding assets caused by debris strike or the ""sandblasting"", abrasive effects of ejected material. Increased uncertainty to scientific operations near the landing site, as the probability of surface alteration caused by ejected material may not be well constrained. Inability to determine PSI effects during landing and ascent events, including vehicle and hardware lunar dust loading. Inability to predict visibility expectations for spacecraft during ascent and landing. Inability to determine effectiveness of radar and range finding hardware, particularly those used during landing and ascent events.",Understanding and characterization of this will translate to vehicle hardware which is better designed to withstand the effects of PSI during ascent and landing events and mitigate the risk of damage to this hardware. Increased confidence in ejecta hazard analyses that affect the landing vehicle and nearby assets. Tighter design constraints for protection from hazards/operating conditions. Better understanding of induce landing environment to inform lunar surface science goals.
DN-018 L,In situ measurement of landing site alteration imaging at small scale on the lunar surface,"Characterize the landing site alteration caused by rocket exhaust plumes interacting with the lunar surface at different sites and under different plume conditions (i.e. lander types). During final descent and landing, rocket exhaust may erode material which changes surface topography or alters surface properties. This has the potential to create a hazardous landing environment or affect scientific outcomes.",Lunar Surface Induced Environment Characterization,In Situ Measurement,HLR,"SE-07 LM
LI-05 L
TH-03 L","Measurement of landing site topography before, during, and after vehicle plume-surface interactions at the cm-m scale. Measurement of regolith geotechnical properties in the affected area. Measurement of chemical contamination of the affected area.","Modeling reports for preliminary site comparisons have been generated using regolith data gathered during Apollo coupled with engine performance data. Plume surface interaction is a complex phenomenon, and current estimates are insufficient to accurately predict the behavior of regolith and its effects on vehicle performance. Currently available topographic data comes predominantly from LRO's LOLA instrument. Localized mosaic DEMs are available at as low as 5 m/pixel ins resolution. Higher resolution DEMs can be made using shape-from-shading (SfS, or photoclinometry) image processing, where several high-resolution NAC images taken at various times lighting conditions) are used to create higher resolution DEMs over smaller areas. The resolution of these DEMs is dependent on the resolution of the available NAC images. 
Alternative solutions include cameras on landing and return vehicles, which can monitor landing site alterations induced by PSI during descent/ascent.  Orbital imagery may be able to achieve desired resolution with high performance instrumentation and appropriate orbital configuration on a new mission.","Increased uncertainty in risk to landing vehicle caused by surface alteration. Increased uncertainty to scientific operations near the landing site if regolith alteration or contamination is not well understood. Inability to level the spacecraft properly due to lack of understanding of the terrain could lead to loss of crew, loss of vehicle and loss of mission (or combinations thereof). Inability to properly account for terrain topography in ascent and descent scenarios can potentially complicate abort response, potentially leading to loss of crew, loss of mission and loss of vehicle.","Increased confidence in analyses of surface alteration during final descent and landing. Informs vehicle design and operational mitigations. Informs scientific community regarding experiment placement and operations. Enhancement of vehicle preparedness for ascent and landing, increased ability of lunar rovers to traverse varied lunar terrain, determination of abort scenarios during ascent and landing. Understanding of the terrain also contributes to better response to terrain conditions through modifications to leveling hardware for lunar landers."
DN-019 L,In situ measurement of lunar regolith (dust) particle flux and charge,"Measure the electric charge and flux of regolith (dust) particles impacting spacecraft surfaces in the lunar south pole region. Measurements over long durations and during dynamic events, such as PSI, are needed to characterize the variability of lunar dust accumulation and electrostatic charging on vehicles and assets, including EVA suits.",Lunar Surface Induced Environment Characterization,In Situ Measurement,HLR,"AS-01 LM
TH-03 L",Measure electric charge of individual regolith particles upon impact and the flux of dust particles over time with a temporal resolution sufficient to capture transient events such as PSI. ,"Current estimates are from modeling, ground testing, and limited in-situ surface measurements with temporal and spatial limitations. ","The absence of in-situ measurements introduces uncertainty in predicting dust accumulation and its effects on spacecraft systems, including its contribution to spacecraft charging and electrostatic discharge. This uncertainty limits the effectiveness of dust mitigation strategies and increases the risk to crewed and robotic assets operating in dusty environments.","Measurements enable the development and validation of models for dust charging, transport, and surface accumulation. These models will inform the design of spacecraft materials and systems that are more resilient to dust-related effects. Additionally, the data will support the refinement of operational procedures and risk assessments for surface missions, enhancing mission safety and longevity. "
DN-001 M,"Geotechnical properties of Mars regolith, rocks, and bedrock at diverse geographic locations","Characterize Martian regolith physical and mechanical properties as a function of depth (min depth extent: 1 meter), area, and terrain slope/features, to understand regolith properties and their variability across distinct regions. Characterize the rock and bedrock physical and mechanical properties, fracturing, and suitability for landing across distinct regions.",Mars Surface Natural Environment Characterization,In Situ Measurement,H2M,"MI-04 M
TH-06 M
TH-07 M
OP-05 LM","Particle and rock size distribution, particle morphology and density, bulk rock density, bedrock spatial fracture frequency, size, and depth, other geotechnical properties including but not limited to porosity, permeability, bulk density, bearing capacity, cohesion. ""Fine fraction"" of particle size distribution (particles < ~50 microns), variation with depth up to ~3 m. These properties may differ from location to location.","Rock, regolith and dust properties, as well as rock abrasion data sets, gathered from on-board rover tools and scientific instruments. Rock and regolith properties were estimated from thermal emission spectroscopy data aboard Mars Reconnaissance Orbiter. Potential data from images of rover tracks to determine bearing capacity and compaction properties. Limited data exists on particle size distribution on the surface of Mars. Dust properties from lander observations.","Limitations in in-situ regolith sampling and characterization increase uncertainty to, for example, analyses for interactions between footpads and regolith, rocket engine blast effects (erosion and ejection of material), etc. Limited datasets and lack of Mars regolith samples result in uncertainty about the stability and behavior of the Martian surface when interacting with a rocket plume. Uncertainty in environmental parameters leads to needing increased robustness, and thus mass, for surface assets. ","Increased confidence in landing, plume-surface interaction, and trafficability analyses, which may increase flexibility and allow more areas and terrain to be considered for mission operations. Constraining the geotechnical characteristics of Martian surface materials, will decrease uncertainty in the landed environment, influencing both the robustness of the landers and areas available for exploration. For example, better constraints on slope stability could arise from regolith strength measurements."
DN-002 M,Surface and subsurface water content at surface exploration sites,Characterize the spatial and depth variability of near-surface water content at geographically diverse sites – including seasonal variations to enable reliable predictions of site-specific conditions. Water sources could include ice deposits and hydrated minerals.,Mars Surface Natural Environment Characterization,In Situ Measurement,H2M,"TH-06 M
TH-07 M",Measure the relative concentration and spatial extent of water in the form of hydrated minerals and subsurface ice at the surface and near-surface of geographically diverse sites. Measure potential seasonal variation in water concentrations at potential surface exploration sites.,"Observations of water ice and frost by landers at high latitudes. Water maps based on combining available Mars orbital instrument datasets (Mars Odyssey neutron and gamma ray spectroscopy, as well as thermal emission imaging data; Mars Express visible and infrared imaging spectrometer data; and Mars Reconnaissance Orbiter shallow radar, climate sounder, imaging spectrometer, and context and high-resolution imaging data). Rover-mounted instruments have detected hydrated minerals at select sites. The Phoenix lander has directly measured and sampled Martian ice.","Hydrated minerals or ice could vaporize during a landing event, potentially enhancing surface erosive effects. Potentially detrimental impacts to lander stability.","Increased confidence in landing, plume-surface interaction, and trafficability analyses, which may increase flexibility and allow more areas and terrain to be considered for mission operations. Concentrations of hydrated material on the surface or near-subsurface may indicate the presence of usable in-situ resources. Further resource exploration activities would be needed to determine if available water concentrations are sufficient to constitute a usable reserve. "
DN-003 M,Localized and predictive Mars surface weather characterization,"Refine site-specific understanding and models of atmospheric pressure, density, winds, and dust/aerosol loading at the Martian surface, including diurnal and seasonal variability, to reduce uncertainty, plume-surface interaction, and operations planning.",Mars Surface Natural Environment Characterization,In Situ Measurement,H2M,"TH-06 M
TH-07 M","Measurement of atmospheric pressure, wind velocity, temperature, atmospheric composition at diverse surface sites on Mars.","Pressure data from landers/rovers, atmospheric profiles/models. Mars global reference atmospheric model (Mars GRAM) and orbiter data for atmospheric composition. Mars GRAM is built to inform EDL and ascent simulations; uncertainties increase at surface level.","Increased uncertainty in modeling plume structure and resultant effects on surface erosion. Effects of Mars atmospheric conditions could impact the behavior of the Martian surface when interacting with a rocket plume. Uncertainty in environmental parameters leads to needing increased robustness, and thus mass, for surface assets. Martian wind can spread plume materials outside expected range and potentially contaminating science sites and impacting nearby exploration assets.","Increasing understanding of surface atmospheric density, winds, and dust effects on Mars would result improved landing safety in potential low visibility conditions induced by PSI. Additionally, exploration operations on the Martian surface will be heavily impacted by weather conditions which can be mitigated or planned for using forecasting models."
DN-004 M,Human-scale EDL atmospheric entry environment characterization,"Refine models of vertical variability in atmospheric pressure, density, winds, temperature, and aerosol loading in the Martian atmosphere across altitudes relevant to human-class EDL. Improve temporal and spatial coverage to reduce uncertainty in descent and ascent trajectory predictions.",Mars Surface Natural Environment Characterization,In Situ Measurement,H2M,"TH-06 M
TH-07 M","Measurement of atmospheric pressure, wind velocity, temperature, atmospheric composition at various altitudes above representative surface sites.","Pressure data from instrumented EDL systems, atmospheric profiles/models. Mars global reference atmospheric model (Mars GRAM) and orbiter data for atmospheric composition. Mars GRAM is built to inform EDL and ascent simulations; uncertainties increase at surface level. ","Without further understanding of the Martian atmosphere, operational risks for human-scale EDL may not be able to close. No human-scale descent vehicle has ever descended through the Martian atmosphere and landed safely on the surface.",Mars robotic landers have consistently landed downwind of their intended targets. Increased understanding of the Martian atmosphere may lead to increased landing accuracy.
DN-005 M,In situ measurement of particle velocity during Martian plume surface interaction (PSI) phenomena,"Characterize Martian regolith ejected by rocket exhaust plumes interacting with the surface. During final descent and landing, material may be lofted toward the landing vehicle and/or ejected away. As material leaves the influence of the exhaust plume, it will travel on a trajectory dictated by those initial conditions and interactions with the Martian atmosphere.",Mars Surface Induced Environment Characterization,In Situ Measurement,H2M,"SE-07 LM
TH-06 M
TH-07 M","Regolith particle sizes, speeds, and angles of ejection caused by rocket exhaust interacting with the Martian regolith. Local atmospheric density during plume surface interaction.",Exhaust plume captured by engineering cameras aboard MSL and Mars2020 Sky Crane. Potentially able to estimate particle velocity from videos of descent but would not be able to characterize full descent profile of a human class lander.,"Increased uncertainty in risk to landing vehicle and surrounding assets caused by debris strike or the ""sandblasting"", abrasive effects of ejected material. Increased uncertainty to scientific operations near the landing site, as the probability of surface alteration caused by ejected material may not be well constrained.",Increased confidence in ejecta hazard analyses that affect the landing vehicle and nearby assets. Tighter design constraints for protection from hazards/operating conditions. Better understanding of induced landing environment to inform Mars surface science goals.
DN-006 M,In situ measurement of landing site alteration imaging at small scale on Mars,"Measure landing site alteration caused by rocket exhaust plumes interacting with the Martian surface. During final descent and landing, rocket exhaust may erode material which changes surface topography or alters surface properties. This has the potential to create a hazardous landing environment or affect scientific outcomes.",Mars Surface Induced Environment Characterization,In Situ Measurement,H2M,"SE-07 LM
TH-06 M
TH-07 M","Measurement of landing site topography before, during, and after vehicle plume-surface interactions at cm scale or better. Measurement of regolith geotechnical properties in the affected area. Measurement of chemical contamination of the area affected by the exhaust plume.",Flight reconstructions of erosion caused by InSight and Mars Phoenix. Analysis of MSL and Mars2020 descent videos could be performed to determine surface alteration at some level of uncertainty.,Increased uncertainty in risk to landing vehicle caused by surface alteration. Increased uncertainty to scientific operations near the landing site if regolith alteration or contamination is not well understood.,Increased confidence in analyses of surface alteration during final descent and landing. Informs vehicle design and operational mitigations. Informs scientific community regarding experiment placement and operations.
